City_ID,City,Lat,Lng,Max Temp,Humidity,Cloudiness,Wind Speed,Country,Date
0,adamstown,-25.066,-130.1015,62.64,54,17,15.59,PN,1692421195
1,east london,-33.0153,27.9116,54.54,71,75,9.22,ZA,1692421196
2,languyan,5.2618,120.0807,81.93,78,93,10.45,PH,1692421196
3,waitangi,-43.9535,-176.5597,50.83,86,27,13.24,NZ,1692421197
4,jamestown,42.097,-79.2353,60.71,72,100,10.36,US,1692421183
5,hasaki,35.7333,140.8333,96.31,67,0,7.25,JP,1692421198
6,hawaiian paradise park,19.5933,-154.9731,76.03,87,7,8.37,US,1692421198
7,arraial do cabo,-22.9661,-42.0278,70.36,90,0,16.84,BR,1692421199
8,zouerate,22.7187,-12.4521,87.12,44,63,8.52,MR,1692421199
9,margaret river,-33.95,115.0667,59.74,66,88,8.81,AU,1692421199
10,zwedru,6.0667,-8.1281,71.35,99,100,2.51,LR,1692421200
11,bilibino,68.0546,166.4372,46.33,57,99,11.25,RU,1692421200
12,grytviken,-54.2811,-36.5092,19.47,86,15,12.46,GS,1692421202
13,boden,65.8252,21.6886,57.2,83,62,2.26,SE,1692421203
14,longyearbyen,78.2186,15.6401,42.64,81,75,6.91,SJ,1692421205
15,nyurba,63.2842,118.3319,73.08,59,100,11.39,RU,1692421207
16,frontino,6.7801,-76.1288,63.19,98,100,1.77,CO,1692421208
17,ribeira grande,38.5167,-28.7,67.77,85,5,4.0,PT,1692421210
18,bria,6.5423,21.9863,69.94,96,98,2.89,CF,1692421210
19,krasnovishersk,60.4078,57.082,55.33,57,100,10.47,RU,1692421211
20,port-aux-francais,-49.35,70.2167,36.09,67,98,32.35,TF,1692421212
21,blackmans bay,-43.0167,147.3167,60.93,66,78,6.51,AU,1692421213
22,ushuaia,-54.8,-68.3,38.86,75,75,12.66,AR,1692421214
23,iqaluit,63.7506,-68.5145,42.53,100,100,3.44,CA,1692421214
24,colonia,50.9333,6.95,75.81,76,0,5.75,DE,1692420946
25,lihue,21.9789,-159.3672,78.37,77,25,8.12,US,1692421215
26,ho chi minh city,10.75,106.6667,87.82,79,75,6.91,VN,1692421003
27,envira,-7.3,-70.2167,79.95,67,63,3.31,BR,1692421216
28,bethel,41.3712,-73.414,67.5,73,0,6.91,US,1692421051
29,siem reap,13.5,104.0,89.35,54,75,5.3,KH,1692421218
30,atambua,-9.1061,124.8925,76.95,60,38,10.29,ID,1692421218
31,guane,22.2025,-84.0875,78.12,92,20,4.63,CU,1692421219
32,keflavik,64.0049,-22.5624,53.51,87,0,6.91,IS,1692421209
33,okoneshnikovo,54.8377,75.0834,73.87,66,85,8.16,RU,1692421220
34,thief river falls,48.1191,-96.1812,72.55,78,0,14.97,US,1692421176
35,jose pedro varela,-33.45,-54.5333,43.11,85,0,8.23,UY,1692421221
36,homeland park,34.4707,-82.6707,73.83,81,0,6.93,US,1692421221
37,labrador city,52.9463,-66.9114,60.71,82,100,2.3,CA,1692421207
38,jabat,7.75,168.9751,83.68,73,11,5.68,MH,1692421228
39,kalianget,-7.05,113.9333,88.48,51,26,16.82,ID,1692421229
40,thompson,55.7435,-97.8558,57.36,88,100,8.05,CA,1692421240
41,albany,42.6001,-73.9662,63.57,75,45,1.01,US,1692421201
42,chonchi,-42.6128,-73.8092,43.12,96,100,5.41,CL,1692421244
43,preobrazheniye,42.9019,133.9064,85.12,66,19,7.58,RU,1692421245
44,castillos,-34.1667,-53.8333,45.12,77,20,14.36,UY,1692421245
45,san andres,12.5847,-81.7006,82.42,89,20,5.75,CO,1692421246
46,fale old settlement,-9.3852,-171.2468,82.89,80,93,16.22,TK,1692421247
47,akcakale,36.7111,38.9475,92.46,20,0,11.39,TR,1692421251
48,san jose de feliciano,-30.3845,-58.7517,48.74,73,26,6.33,AR,1692421252
49,hadibu,12.65,54.0333,81.7,68,74,17.69,YE,1692421253
50,de aar,-30.6497,24.0123,46.29,35,100,5.55,ZA,1692421253
51,kapa'a,22.0752,-159.319,78.1,76,9,1.01,US,1692421254
52,isafjordur,66.0755,-23.124,49.68,85,100,6.78,IS,1692421255
53,pisco,-13.7,-76.2167,64.45,82,100,3.44,PE,1692421255
54,boguchar,49.9358,40.545,78.31,40,3,7.2,RU,1692421255
55,bredasdorp,-34.5322,20.0403,47.89,94,100,1.9,ZA,1692421256
56,lebu,-37.6167,-73.65,49.86,91,100,26.62,CL,1692421256
57,edinburgh of the seven seas,-37.0676,-12.3116,52.77,62,100,30.36,SH,1692421256
58,kantagi,43.5264,68.5775,85.57,21,1,10.89,KZ,1692421257
59,fada,9.5667,8.3,68.04,95,99,3.51,NG,1692421257
60,kasempa,-13.4584,25.8338,63.7,40,0,10.11,ZM,1692421257
61,palmer,42.1584,-72.3287,64.15,78,0,9.22,US,1692421200
62,qaqortoq,60.7167,-46.0333,42.51,86,8,1.43,GL,1692421258
63,olonkinbyen,70.9221,-8.7187,42.96,91,82,10.09,SJ,1692421258
64,north bend,43.4065,-124.2243,59.92,82,0,23.02,US,1692421259
65,badiyah,22.45,58.8,81.45,64,21,3.6,OM,1692421259
66,kargat,55.1956,80.2811,67.28,69,16,4.68,RU,1692421259
67,wailua homesteads,22.0669,-159.378,76.75,78,9,1.01,US,1692421260
68,port elizabeth,-33.918,25.5701,48.49,93,40,3.44,ZA,1692421216
69,kailua-kona,19.6406,-155.9956,79.5,82,42,3.0,US,1692421260
70,invercargill,-46.4,168.35,52.02,63,100,10.0,NZ,1692421243
71,constantia,44.1833,28.65,75.88,58,3,10.94,RO,1692421261
72,aginskoye,51.1,114.53,70.75,36,100,19.42,RU,1692421262
73,talnakh,69.4865,88.3972,57.09,89,100,4.63,RU,1692421263
74,rawala kot,33.8578,73.7604,77.74,57,0,3.71,PK,1692421264
75,vilyuysk,63.7553,121.6247,76.14,47,100,13.8,RU,1692421264
76,wanning,18.8003,110.3967,91.49,63,100,10.92,CN,1692421265
77,puerto natales,-51.7236,-72.4875,30.43,94,97,1.5,CL,1692420981
78,cabo san lucas,22.8909,-109.9124,83.52,76,100,10.0,MX,1692421154
79,new norfolk,-42.7826,147.0587,62.1,74,99,7.2,AU,1692421270
80,port mathurin,-19.6833,63.4167,73.08,73,2,14.81,MU,1692421272
81,bhinga,27.7167,81.9333,91.98,63,39,10.36,IN,1692421274
82,nuuk,64.1835,-51.7216,43.41,100,100,13.8,GL,1692421274
83,nar'yan-mar,67.6713,53.087,49.71,70,91,17.36,RU,1692421275
84,yeniseysk,58.4497,92.1703,57.99,74,86,4.5,RU,1692421275
85,tarrafal de sao nicolau,16.5667,-24.3667,79.72,86,17,10.27,CV,1692421275
86,reggane,26.7158,0.1714,91.44,14,0,12.97,DZ,1692421276
87,ust-nera,64.5667,143.2,57.78,67,100,9.89,RU,1692421277
88,harstad,68.799,16.5293,52.16,97,98,8.01,NO,1692421277
89,badger,64.8,-147.5333,57.11,83,100,9.22,US,1692421278
90,pacasmayo,-7.4006,-79.5714,67.57,81,19,12.08,PE,1692421278
91,yayva,59.3303,57.2641,60.17,59,99,11.54,RU,1692421279
92,la sarre,48.8002,-79.1996,50.32,66,97,10.71,CA,1692421279
93,hermanus,-34.4187,19.2345,52.52,87,100,10.33,ZA,1692421280
94,west island,-12.1568,96.8225,78.78,53,84,21.85,CC,1692421280
95,fort collins,40.5853,-105.0844,78.87,51,0,4.61,US,1692420931
96,port alfred,-33.5906,26.891,56.5,77,100,4.34,ZA,1692421282
97,fort bragg,35.139,-79.006,78.35,76,100,3.44,US,1692421283
98,porto velho,-8.7619,-63.9039,77.05,88,0,0.0,BR,1692421123
99,mykhaylivka,47.2724,35.2224,79.61,42,23,10.0,UA,1692421283
100,quthing,-30.4,27.7003,44.24,27,100,3.67,LS,1692421284
101,brandon,27.9378,-82.2859,82.96,94,0,5.75,US,1692421070
102,vadso,70.0744,29.7487,49.08,87,75,17.27,NO,1692421284
103,saudarkrokur,65.7461,-19.6394,50.52,88,100,2.66,IS,1692421285
104,bodaybo,57.8506,114.1933,52.07,91,100,2.86,RU,1692421286
105,magburaka,8.7167,-11.95,73.4,98,100,2.04,SL,1692421286
106,mar del plata,-38.0023,-57.5575,46.13,70,75,23.0,AR,1692421127
107,aasiaat,68.7098,-52.8699,39.69,94,100,4.92,GL,1692421287
108,bamboo flat,11.7,92.7167,85.51,72,29,14.65,IN,1692421287
109,tiksi,71.6872,128.8694,40.01,81,47,12.95,RU,1692421288
110,kourou,5.1552,-52.6478,78.85,89,86,11.54,GF,1692421288
111,takanabe,32.1333,131.5,85.89,66,77,7.7,JP,1692421288
112,mejit,10.2753,170.8646,82.76,80,96,16.96,MH,1692421289
113,belyy yar,53.6039,91.3903,62.49,51,0,4.47,RU,1692421289
114,yinchuan,38.4681,106.2731,90.16,10,99,3.49,CN,1692421290
115,koster,-25.863,26.8976,52.12,37,27,4.32,ZA,1692421290
116,anadyr,64.75,177.4833,55.9,54,20,11.18,RU,1692421291
117,tazovsky,67.4667,78.7,55.27,57,0,1.9,RU,1692421291
118,kavaratti,10.5669,72.642,81.97,75,100,12.35,IN,1692421291
119,codrington,-38.2667,141.9667,59.13,76,85,16.69,AU,1692421292
120,whitehorse,60.7161,-135.0538,61.57,65,20,4.61,CA,1692421213
121,egilsstadir,65.2653,-14.3948,48.11,76,75,3.44,IS,1692421292
122,stanley,54.868,-1.6985,62.28,94,100,8.05,GB,1692421180
123,amahai,-3.3333,128.9167,80.38,77,61,12.17,ID,1692421293
124,dudinka,69.4058,86.1778,56.37,91,100,5.7,RU,1692421294
125,ha'il,27.5219,41.6907,87.82,25,0,2.3,SA,1692421294
126,warrenton,-28.114,24.8475,46.4,25,100,10.56,ZA,1692421294
127,cockburn town,21.4612,-71.1419,83.08,85,100,22.57,TC,1692421295
128,naze,28.3667,129.4833,83.32,80,100,7.99,JP,1692421295
129,papatowai,-46.5619,169.4708,48.79,66,100,16.93,NZ,1692421296
130,gadzhiyevo,69.2551,33.3362,48.58,81,45,21.59,RU,1692421296
131,payyannur,12.1,75.2,83.16,66,100,2.82,IN,1692421296
132,lezhe,41.7836,19.6436,71.92,93,0,4.52,AL,1692421297
133,rabo de peixe,37.8,-25.5833,69.31,78,20,4.61,PT,1692421298
134,l'aquila,42.365,13.3935,72.12,72,0,2.24,IT,1692421298
135,avarua,-21.2078,-159.775,77.05,88,100,4.61,CK,1692421298
136,luderitz,-26.6481,15.1594,53.6,90,64,7.29,NA,1692421299
137,enewetak,11.3474,162.3373,84.34,75,5,13.11,MH,1692421299
138,atafu village,-8.5421,-172.5159,82.92,79,100,15.79,TK,1692421299
139,san nicolas de bari,22.7844,-81.9133,79.14,89,17,6.78,CU,1692421300
140,betio village,1.358,172.9211,87.84,69,80,4.54,KI,1692421300
141,mokhsogollokh,61.4681,128.9203,74.21,52,100,8.14,RU,1692421301
142,lexington-fayette,38.0498,-84.4585,64.35,79,0,3.44,US,1692421106
143,ambazac,45.9598,1.4006,70.12,82,61,2.39,FR,1692421302
144,tyukhtet,56.5389,89.3011,57.25,74,100,7.05,RU,1692421302
145,yen bai,21.7,104.8667,90.79,66,100,2.46,VN,1692421303
146,okhotsk,59.3833,143.3,63.79,78,62,9.95,RU,1692421303
147,kone,-21.0595,164.8658,74.57,50,0,8.37,NC,1692421303
148,guelendeng,10.9176,15.5501,69.62,91,100,5.61,TD,1692421304
149,petropavlovsk-kamchatsky,53.0452,158.6483,75.79,47,75,15.66,RU,1692421304
150,bouna,9.2667,-3.0,71.1,95,95,3.47,CI,1692421305
151,carbonear,47.7332,-53.2148,58.62,94,100,6.31,CA,1692421305
152,marsh harbour,26.5412,-77.0636,83.3,75,87,16.11,BS,1692421305
153,cidade velha,14.9167,-23.6167,79.27,89,20,3.44,CV,1692421306
154,kargopol',61.5071,38.9456,54.18,73,91,0.92,RU,1692421306
155,georgetown,5.4112,100.3354,87.75,70,20,9.22,MY,1692421300
156,las vegas,36.175,-115.1372,77.23,69,100,26.46,US,1692420900
157,buta,2.7858,24.73,69.62,98,52,1.86,CD,1692421307
158,uyar,55.81,94.3153,57.94,70,98,8.48,RU,1692421307
159,daxing,39.7214,116.3292,91.36,51,1,3.18,CN,1692421308
160,bayanhongor,46.7167,100.1167,62.08,24,65,3.71,MN,1692421308
161,tralee,52.2704,-9.7026,59.77,93,100,13.96,IE,1692421308
162,polyarnyy,69.1989,33.4478,48.96,80,46,21.03,RU,1692421308
163,nienburg,52.6333,9.2167,71.73,87,58,6.69,DE,1692421309
164,newman,37.3138,-121.0208,80.83,66,10,1.01,US,1692421309
165,puerto lempira,15.2667,-83.7667,80.04,86,65,6.82,HN,1692421309
166,kirakira,-10.4544,161.9205,81.46,81,100,7.54,SB,1692421310
167,al mutayrifi,25.4788,49.5576,89.94,25,0,3.49,SA,1692421310
168,lorengau,-2.0226,147.2712,80.96,85,100,13.96,PG,1692421310
169,port lincoln,-34.7333,135.8667,61.09,70,91,14.83,AU,1692421311
170,saipan,15.1355,145.701,87.66,100,92,7.0,MP,1692421311
171,ilulissat,69.2167,-51.1,46.42,61,75,3.44,GL,1692421311
172,pimentel,-6.8367,-79.9342,70.09,73,0,13.8,PE,1692421312
173,lincoln city,44.9582,-124.0179,59.86,76,0,8.01,US,1692421207
174,severnoye,56.3491,78.3619,67.26,70,43,2.68,RU,1692421312
175,hithadhoo,-0.6,73.0833,82.45,75,17,8.01,MV,1692421313
176,talara,-4.5772,-81.2719,68.99,80,0,16.22,PE,1692421313
177,iskateley,67.6803,53.1512,49.6,70,90,17.38,RU,1692421313
178,bogorodsk,56.1033,43.5158,67.35,85,77,9.95,RU,1692421314
179,san patricio,28.017,-97.5169,84.85,78,3,11.48,US,1692421314
180,lysyye gory,51.5506,44.8414,81.68,28,4,5.68,RU,1692421314
181,kita,13.0349,-9.4895,72.36,96,100,3.02,ML,1692421315
182,saint-laurent-du-maroni,5.5039,-54.0289,74.55,99,93,3.09,GF,1692421315
183,smithers,54.7804,-127.1743,59.32,44,20,4.61,CA,1692421316
184,rongelap,11.1635,166.8941,83.75,75,15,14.12,MH,1692421316
185,ndelele,4.0333,14.9333,66.79,99,86,2.66,CM,1692421316
186,sisimiut,66.9395,-53.6735,45.86,86,100,5.53,GL,1692421316
187,pau brasil,-15.4642,-39.6511,61.59,95,7,1.97,BR,1692421317
188,sakaiminato,35.55,133.2333,91.33,66,75,6.91,JP,1692421317
189,salaqi,40.5414,110.5108,85.05,17,36,5.46,CN,1692421317
190,afaahiti,-17.75,-149.2833,75.07,73,76,22.68,PF,1692421318
191,udachny,66.4167,112.4,61.45,51,3,19.04,RU,1692421318
192,abu dhabi,24.4667,54.3667,92.95,47,0,10.36,AE,1692420903
193,asekeyevo,53.5742,52.7972,83.55,34,34,7.45,RU,1692421318
194,bereeda,11.8704,51.0579,90.55,47,99,5.26,SO,1692421319
195,dano,11.15,-3.0667,72.61,96,91,5.1,BF,1692421319
196,nemuro,43.3236,145.575,66.34,93,36,9.13,JP,1692421320
197,lompoc,34.6391,-120.4579,66.02,85,20,8.99,US,1692421321
198,tolanaro,-25.0319,46.9987,59.07,94,0,1.14,MG,1692421321
199,tshabong,-26.05,22.45,54.72,22,100,10.0,BW,1692421322
200,sandnessjoen,66.0217,12.6316,45.12,72,42,8.21,NO,1692421147
201,parabel',58.6978,81.4825,63.05,50,88,1.01,RU,1692421323
202,vila velha,-20.3297,-40.2925,73.35,73,20,12.66,BR,1692421255
203,galliano,29.4422,-90.2992,82.99,78,0,3.44,US,1692421324
204,mahibadhoo,3.7833,72.9667,82.74,72,99,11.12,MV,1692421324
205,ghat,24.9647,10.1728,81.72,26,42,5.97,LY,1692421325
206,el granada,37.5027,-122.4694,68.92,84,100,9.22,US,1692421325
207,touros,-5.1989,-35.4608,73.29,91,66,9.06,BR,1692421325
208,yellowknife,62.456,-114.3525,54.41,99,75,9.22,CA,1692421288
209,ancud,-41.8697,-73.8203,42.76,84,100,10.85,CL,1692421326
210,gaiman,-43.2897,-65.4929,39.4,84,91,13.82,AR,1692421326
211,santa rosalia,27.3167,-112.2833,84.38,62,99,6.91,MX,1692421327
212,benghazi,32.1167,20.0667,79.61,77,0,12.8,LY,1692421224
213,sarkand,45.41,79.9186,77.22,27,0,9.28,KZ,1692421328
214,ciudad bolivar,8.1222,-63.5497,79.3,84,99,6.67,VE,1692421328
215,albemarle,35.3501,-80.2001,72.45,83,0,3.44,US,1692421328
216,mafeteng,-29.823,27.2374,41.5,22,100,4.12,LS,1692421329
217,bukoba,-1.3317,31.8122,64.38,88,40,0.0,TZ,1692421329
218,ji'an,27.1172,114.9793,96.3,43,57,4.54,CN,1692421330
219,puerto deseado,-47.7503,-65.8938,40.37,92,99,15.9,AR,1692421330
220,owatonna,44.0839,-93.226,67.87,72,0,10.36,US,1692420760
221,osvaldo cruz,-21.7967,-50.8786,71.51,51,73,6.62,BR,1692421087
222,gunjur,13.2019,-16.7339,78.87,94,75,4.61,GM,1692421331
223,la passe,45.5549,-0.8967,71.98,83,59,4.76,FR,1692421332
224,sol'-iletsk,51.1631,54.9918,83.71,32,13,5.95,RU,1692421332
225,collie,-33.3667,116.15,64.47,56,1,6.87,AU,1692421333
226,tabuk,17.4189,121.4443,90.43,62,24,4.47,PH,1692421333
227,wenshui,28.4506,106.5267,84.85,57,96,2.73,CN,1692421334
228,cadale,2.7603,46.3222,79.36,74,35,16.89,SO,1692421334
229,abu zabad,12.35,29.25,78.57,70,33,6.08,SD,1692421334
230,taroa,8.7058,171.2275,83.17,77,77,13.78,MH,1692421335
231,waingapu,-9.6567,120.2641,83.84,56,30,11.1,ID,1692421335
232,jayapura,-2.5333,140.7,81.79,79,99,7.58,ID,1692421336
233,taybad,34.74,60.7756,86.86,14,0,18.61,IR,1692421336
234,zhangye,38.9342,100.4517,85.5,23,38,4.25,CN,1692421337
235,umluj,25.0213,37.2685,87.37,71,0,3.27,SA,1692421337
236,orkney,-26.9802,26.6727,49.86,32,40,5.53,ZA,1692421337
237,rawson,-43.3002,-65.1023,39.49,93,100,10.36,AR,1692421284
238,vila franca do campo,37.7167,-25.4333,70.21,75,14,1.5,PT,1692421338
239,arteche,12.2645,125.4048,81.68,82,39,4.97,PH,1692421338
240,kerikeri,-35.2268,173.9474,56.91,94,100,3.0,NZ,1692421339
241,wotho,10.1657,166.0102,83.35,77,15,12.48,MH,1692421339
242,carnarvon,-24.8667,113.6333,77.38,28,0,5.28,AU,1692421340
243,gotsucho,35.0,132.2167,85.42,69,66,5.46,JP,1692421340
244,mitchell,43.7094,-98.0298,90.95,31,53,19.77,US,1692421274
245,milagres,-7.3133,-38.9456,75.97,86,29,4.07,BR,1692421341
246,demba,-5.51,22.2667,72.5,72,94,2.08,CD,1692421341
247,puquio,-14.7,-74.1333,49.42,22,5,4.61,PE,1692421341
248,taco pozo,-25.6167,-63.2833,56.37,71,11,5.06,AR,1692421342
249,sungailiat,-1.85,106.1333,86.79,61,48,14.52,ID,1692421342
250,bubaque,11.2833,-15.8333,80.24,81,100,9.1,GW,1692421342
251,punta arenas,-53.15,-70.9167,35.71,100,100,4.61,CL,1692421218
252,villa de san francisco,14.1667,-86.9667,74.68,80,99,1.83,HN,1692421343
253,rio grande,-32.035,-52.0986,51.91,87,80,18.16,BR,1692421344
254,kiunga,-6.1219,141.2906,83.39,62,85,4.7,PG,1692421344
255,dryden,49.7833,-92.7503,68.29,60,40,13.8,CA,1692421344
256,college,64.8569,-147.8028,57.18,83,100,9.22,US,1692421339
257,saint-pierre,-21.3393,55.4781,76.57,60,0,3.44,RE,1692421345
258,korla,41.7597,86.1469,84.13,32,15,2.06,CN,1692421230
259,turtas,58.9417,69.1325,72.81,70,3,9.48,RU,1692421346
260,juneau,58.3019,-134.4197,55.42,100,83,1.32,US,1692421346
261,malpe,13.35,74.7167,76.3,78,100,3.71,IN,1692421347
262,st. john's,47.5649,-52.7093,58.15,93,75,4.61,CA,1692421163
263,sungai penuh,-2.0833,101.3833,73.09,88,89,0.94,ID,1692421347
264,capri,40.5507,14.2426,75.38,67,0,3.31,IT,1692421348
265,stuttgart,48.7823,9.177,69.71,87,0,0.0,DE,1692421203
266,sept-iles,50.2001,-66.3821,61.32,97,100,18.41,CA,1692421348
267,coquimbo,-29.9533,-71.3436,53.33,82,0,4.61,CL,1692421349
268,markovo,57.3206,107.0881,53.08,95,100,13.71,RU,1692421349
269,chambas,22.1928,-78.9136,77.77,90,96,4.54,CU,1692421349
270,piombino,42.9348,10.5221,75.43,68,19,4.63,IT,1692421350
271,vernon,50.2581,-119.2691,68.61,48,28,1.14,CA,1692421240
272,wenchang,30.904,118.4887,90.57,57,4,7.36,CN,1692421351
273,inhambane,-23.865,35.3833,64.38,100,75,0.0,MZ,1692421351
274,punta alta,-38.8759,-62.0736,41.07,61,2,19.22,AR,1692421351
275,warm mineral springs,27.0598,-82.2601,80.98,97,0,5.75,US,1692421352
276,le port,-20.9373,55.2919,76.89,81,11,0.94,RE,1692421352
277,kununurra,-15.7667,128.7333,91.38,22,59,9.22,AU,1692421095
278,ketchikan,55.3422,-131.6461,60.78,83,4,4.54,US,1692421353
279,puerto cabezas,14.0351,-83.3888,78.28,90,95,7.25,NI,1692421354
280,saint-joseph,-21.3667,55.6167,75.47,77,28,2.86,RE,1692421355
281,sorong,-0.8833,131.25,81.18,82,91,15.88,ID,1692421355
282,tionk essil,12.7856,-16.5217,78.85,86,96,7.29,SN,1692421356
283,aykhal,66.0,111.5,61.74,40,0,19.37,RU,1692421356
284,cerro de ortega,18.75,-103.7667,78.75,83,100,2.13,MX,1692421357
285,debark',13.1561,37.8981,56.82,70,61,0.98,ET,1692421357
286,chibougamau,49.9168,-74.3659,58.62,100,100,0.0,CA,1692421358
287,luena,-11.7833,19.9167,64.58,42,1,8.05,AO,1692421358
288,sidney,-33.8679,151.2073,67.89,42,0,19.57,AU,1692421215
289,ca mau,9.1769,105.15,90.14,55,95,14.23,VN,1692421359
290,ad douiem,14.0012,32.3116,79.93,65,100,17.78,SD,1692421359
291,sydney,-33.8679,151.2073,67.89,42,0,19.57,AU,1692421179
292,zyryanovsk,49.7386,84.2719,68.14,51,84,3.18,KZ,1692421360
293,antsiranana,-12.2787,49.2917,75.96,60,40,11.5,MG,1692421361
294,ebon,4.582,168.6964,84.11,69,61,3.56,MH,1692421361
295,laojunmiao,39.8333,97.7333,75.58,22,0,6.62,CN,1692421361
296,medina de rioseco,41.8833,-5.0441,66.88,67,6,6.69,ES,1692421362
297,page,36.9147,-111.4558,78.58,45,0,1.99,US,1692421363
298,susuman,62.7833,148.1667,55.63,69,78,10.67,RU,1692421363
299,barcelos,41.5388,-8.6151,71.92,90,99,4.92,PT,1692421363
300,puerto ayora,-0.7393,-90.3518,74.55,86,63,7.0,EC,1692421364
301,tsiombe,-25.3,45.4833,68.5,78,0,9.01,MG,1692421365
302,olinda,-8.0089,-34.8553,76.73,83,75,8.05,BR,1692421365
303,auki,-8.7676,160.7034,81.93,80,86,1.23,SB,1692421365
304,las tunas,20.9617,-76.9511,75.11,92,95,5.57,CU,1692421365
305,swakopmund,-22.6833,14.5333,50.85,88,82,7.0,NA,1692421366
306,turpan,42.9333,89.1667,94.78,13,98,5.06,CN,1692421366
307,novofedorivka,46.1713,32.3178,77.07,58,0,12.24,UA,1692421366
308,lagunas,-5.2269,-75.6753,75.79,71,4,2.57,PE,1692421367
309,acarau,-2.8856,-40.12,77.65,88,24,16.51,BR,1692421367
310,manali,13.1667,80.2667,90.07,66,90,12.01,IN,1692421114
311,labytnangi,66.6572,66.4183,53.04,68,97,16.22,RU,1692421367
312,san antonio de pale,-1.4014,5.6325,73.17,84,100,15.86,GQ,1692421368
313,belidzhi,41.8918,48.4125,82.44,54,97,3.33,RU,1692421368
314,masterton,-40.9597,175.6575,52.88,88,100,7.27,NZ,1692421369
315,graaff-reinet,-32.2522,24.5308,48.6,55,100,1.74,ZA,1692421369
316,twon-brass,4.3151,6.2418,77.34,86,100,7.23,NG,1692421369
317,long beach,33.767,-118.1892,75.11,80,0,10.36,US,1692421127
318,debre werk',10.6667,38.1667,59.63,75,4,0.49,ET,1692421370
319,sandwich,41.6459,-88.6217,64.02,80,0,4.61,US,1692421327
320,kouango,4.9934,19.9619,69.67,99,84,3.2,CF,1692421370
321,namibe,-15.1961,12.1522,61.86,81,52,7.27,AO,1692421371
322,sinop,41.7711,34.8709,66.63,67,0,1.68,TR,1692421371
323,enniscorthy,52.5008,-6.5578,61.48,99,100,27.6,IE,1692421371
324,kapuskasing,49.4169,-82.4331,48.29,93,0,2.3,CA,1692421372
325,merritt island,28.5392,-80.672,78.01,92,0,4.61,US,1692421179
326,oppdal,62.5943,9.6912,53.82,79,32,9.8,NO,1692421372
327,la mira,18.035,-102.3266,79.59,84,93,4.21,MX,1692421372
328,moree,-29.4667,149.85,62.53,28,1,17.22,AU,1692421373
329,villa del prado,40.2692,-4.3046,74.64,54,27,3.0,ES,1692421373
330,ibiza,38.9088,1.433,77.81,89,75,2.3,ES,1692421176
331,lagoa,39.05,-27.9833,71.17,72,16,6.8,PT,1692421373
332,ribeira brava,32.65,-17.0667,74.71,80,55,1.68,PT,1692421374
333,san juan de miraflores,-12.1629,-76.9635,68.52,80,100,5.48,PE,1692421374
334,dukhan,25.4297,50.7858,93.43,52,0,6.76,QA,1692421375
335,san juan nepomuceno,9.9516,-75.082,75.52,93,70,3.8,CO,1692421375
336,dompu,-8.5356,118.4622,93.42,37,30,5.1,ID,1692421375
337,selfoss,63.9331,-20.9971,52.05,80,99,8.66,IS,1692421376
338,nogliki,51.8333,143.1667,63.0,85,61,13.4,RU,1692421376
339,fortuna,40.5982,-124.1573,58.35,88,15,2.35,US,1692421377
340,puerto armuelles,8.2833,-82.8667,77.09,91,100,8.01,PA,1692421377
341,basco,20.4487,121.9702,84.69,77,100,12.35,PH,1692421377
342,port-vila,-17.7338,168.3219,78.4,83,75,10.36,VU,1692421378
343,dalnegorsk,44.5604,135.5701,86.95,57,11,6.31,RU,1692421378
344,timimoun,29.2639,0.231,86.38,16,0,8.05,DZ,1692421378
345,san vicente de canete,-13.0751,-76.3835,65.17,82,93,4.25,PE,1692421379
346,jumla,29.2747,82.1838,77.25,56,70,5.19,NP,1692421379
347,almese-rivera,45.1191,7.4011,72.82,78,83,4.52,IT,1692421379
348,zarah sharan,33.1467,68.7917,77.41,20,0,5.79,AF,1692421380
349,la'ie,21.6477,-157.9253,82.36,73,3,12.15,US,1692421380
350,hilo,19.7297,-155.09,76.24,93,93,1.99,US,1692421217
351,howrah,22.5892,88.3103,86.0,89,75,9.22,IN,1692421381
352,ebaye,8.7748,167.7392,86.02,74,40,10.36,MH,1692421381
353,alice springs,-23.7,133.8833,71.15,26,0,9.22,AU,1692421382
354,maridi,4.9158,29.4742,69.89,84,3,2.24,SS,1692421383
355,lagoa formosa,-18.7786,-46.4075,64.36,57,0,1.68,BR,1692421383
356,aral,40.5156,81.2636,89.15,19,4,6.89,CN,1692421384
357,camoapa,12.3839,-85.5116,70.27,93,74,6.04,NI,1692421384
358,yerofey pavlovich,53.9667,121.9667,64.42,54,88,12.08,RU,1692421384
359,ouro preto do oeste,-10.7481,-62.2158,82.58,47,77,3.76,BR,1692421362
360,al ghayzah,16.2079,52.176,82.56,79,76,6.91,YE,1692421385
361,marsa alam,25.0757,34.8918,91.69,48,6,10.83,EG,1692421385
362,daru,-9.0763,143.2092,79.47,58,72,12.48,PG,1692421386
363,hammerfest,70.6634,23.6821,48.65,81,100,8.05,NO,1692421125
364,isiro,2.7739,27.616,68.61,92,94,1.48,CD,1692421386
365,cole harbour,44.6724,-63.4751,69.96,96,100,28.77,CA,1692421336
366,praia da vitoria,38.7333,-27.0667,68.76,88,20,7.38,PT,1692421387
367,alpine,32.835,-116.7664,73.27,68,0,5.75,US,1692421388
368,nizhniy odes,63.6445,54.856,51.73,63,98,10.02,RU,1692421388
369,khanty-mansiysk,61.0042,69.0019,62.71,100,75,7.0,RU,1692421388
370,taguatinga,-12.3857,-46.5711,73.74,45,37,3.49,BR,1692421389
371,alofi,-19.0595,-169.9187,75.09,88,15,14.97,NU,1692421390
372,choibalsan,48.0667,114.5,74.64,32,5,9.73,MN,1692421390
373,tucuma,-0.1833,-50.05,78.17,86,97,7.38,BR,1692421314
374,waddan,29.1614,16.139,74.35,57,0,3.18,LY,1692421391
375,sumbe,-11.2061,13.8437,66.58,94,13,1.39,AO,1692421391
376,illizi,26.4833,8.4667,80.4,26,62,8.63,DZ,1692421392
377,candido mendes,-1.4467,-45.7167,76.82,86,74,5.97,BR,1692421392
378,tura,25.5198,90.2201,84.54,74,63,7.29,IN,1692421393
379,forster,-32.1667,152.5167,66.29,34,0,13.98,AU,1692421393
380,ixtapa,20.7,-105.2,83.23,89,100,2.3,MX,1692421394
381,as suki,13.3167,33.8833,76.32,80,96,9.8,SD,1692421394
382,malabar,-33.9667,151.25,66.76,38,0,19.57,AU,1692421395
383,timbiqui,2.7717,-77.6654,75.11,95,85,3.71,CO,1692421395
384,n'dalatando,-9.2978,14.9116,60.33,94,33,1.19,AO,1692421396
385,gao,16.6362,1.637,85.89,50,54,6.26,ML,1692421396
386,awjilah,29.1081,21.2869,75.69,69,0,9.1,LY,1692421397
387,kindu,-2.95,25.95,72.66,86,51,2.51,CD,1692421397
388,aketi,2.7388,23.7833,70.45,98,90,2.82,CD,1692421397
389,kodiak,57.79,-152.4072,52.25,83,79,2.62,US,1692421398
390,nieuw amsterdam,5.8833,-55.0833,78.03,91,100,6.38,SR,1692421398
391,kualakapuas,-3.0091,114.3876,97.86,33,92,3.36,ID,1692421399
392,churapcha,62.0025,132.4325,73.81,56,100,10.33,RU,1692421399
393,valparaiso,-33.0393,-71.6273,58.48,100,100,3.44,CL,1692421208
394,mukalla,14.5425,49.1242,86.67,67,79,1.92,YE,1692421400
395,suva,-18.1416,178.4415,76.48,83,75,9.22,FJ,1692421400
396,langepas,61.2544,75.2124,63.27,69,100,7.65,RU,1692421401
397,sao joao da barra,-21.6403,-41.0511,70.93,84,0,15.88,BR,1692421401
398,moussoro,13.6408,16.4901,78.82,64,99,15.05,TD,1692421402
399,charcas,23.1333,-101.1167,63.34,76,95,9.89,MX,1692421402
400,curaca,-8.9903,-39.9094,68.97,82,7,12.41,BR,1692421402
401,happy valley-goose bay,53.3168,-60.3315,64.71,68,20,6.91,CA,1692421402
402,gobabis,-22.45,18.9667,56.41,27,3,6.85,NA,1692421404
403,burutu,5.3509,5.5076,73.9,95,100,3.67,NG,1692421405
404,manokwari,-0.8667,134.0833,81.01,75,100,5.35,ID,1692421406
405,vail,32.0479,-110.712,77.81,67,98,4.0,US,1692421406
406,tamanrasset,22.785,5.5228,75.11,46,40,9.22,DZ,1692421406
407,alvorada,-12.48,-49.1247,77.25,40,4,4.03,BR,1692421407
408,nizhnesortymskiy,62.4397,71.7603,64.06,86,100,17.16,RU,1692421411
409,port blair,11.6667,92.75,85.41,72,30,14.72,IN,1692421413
410,jining,35.405,116.5814,90.86,52,85,6.04,CN,1692421413
411,klaksvik,62.2266,-6.589,58.12,98,62,18.48,FO,1692421414
412,nambucca heads,-30.65,153.0,71.17,30,0,5.57,AU,1692421414
413,utrik,11.2278,169.8474,83.08,79,45,16.35,MH,1692421414
414,lerwick,60.1545,-1.1494,57.2,83,2,23.96,GB,1692421415
415,pervomayskiy,53.2485,40.2871,75.76,55,3,7.16,RU,1692421416
416,neiafu,-18.65,-173.9833,77.68,88,75,10.36,TO,1692421416
417,buguruslan,53.6554,52.442,83.5,35,43,7.16,RU,1692421418
418,dalandzadgad,43.5708,104.425,79.84,10,1,12.53,MN,1692421419
419,shimabara,32.7833,130.3667,91.71,75,62,6.53,JP,1692421419
420,lensk,60.7253,114.9278,72.23,48,66,8.16,RU,1692421419
421,shingu,33.7333,135.9833,86.14,75,38,5.75,JP,1692421420
422,el nido,11.1858,119.3956,83.95,73,99,8.46,PH,1692421420
423,kingston,17.997,-76.7936,85.15,86,20,5.75,JM,1692421420
424,katabu,-4.9333,122.5167,89.98,37,13,10.74,ID,1692421421
425,zhangatas,43.5667,69.75,82.51,21,0,14.34,KZ,1692421421
426,mushabani,22.5167,86.45,87.42,70,72,12.37,IN,1692421421
427,kuandian,40.7286,124.7847,82.98,66,96,3.49,CN,1692421422
428,bafata,12.1667,-14.75,74.93,97,100,0.67,GW,1692421422
429,hamilton,39.1834,-84.5333,63.77,88,0,1.01,US,1692421423
430,vorkuta,67.5,64.0,44.15,92,100,14.36,RU,1692421423
431,cascais,38.6979,-9.4215,73.51,84,27,13.0,PT,1692421424
432,prince rupert,54.3161,-130.3201,56.89,83,40,9.22,CA,1692421381
433,darfo boario terme,45.8835,10.1807,73.51,81,0,6.49,IT,1692421425
434,pahrump,36.2083,-115.9839,84.25,43,100,14.0,US,1692421425
435,dhidhdhoo,6.8833,73.1,82.65,73,100,11.83,MV,1692421425
436,plastun,44.7561,136.2939,79.34,73,25,7.65,RU,1692421426
437,tendo,38.3536,140.3697,91.33,70,40,10.36,JP,1692421426
438,extrema,-22.8547,-46.3183,62.87,56,0,5.73,BR,1692421426
439,itacarambi,-15.1022,-44.0919,69.75,67,2,5.37,BR,1692421427
440,xinzhi,36.4989,111.7047,93.02,37,100,1.03,CN,1692421427
441,altamira,-3.2033,-52.2064,74.73,61,56,2.84,BR,1692421427
442,kiskunmajsa,46.4903,19.74,69.89,64,96,5.61,HU,1692421428
443,zhezqazghan,47.7833,67.7667,81.18,26,0,8.95,KZ,1692421428
444,sao paulo de olivenca,-3.3783,-68.8725,76.64,81,57,1.14,BR,1692421428
445,pangai,-19.8,-174.35,71.71,94,100,18.41,TO,1692421429
446,mikuni,36.2171,136.1519,91.31,65,14,6.17,JP,1692421429
447,tezu,27.9167,96.1667,81.64,92,98,2.66,IN,1692421429
448,puerto baquerizo moreno,-0.9,-89.6,74.1,69,81,11.45,EC,1692421429
449,mount gambier,-37.8333,140.7667,58.1,79,100,10.96,AU,1692421430
450,kedrovyy,56.1667,91.8167,59.41,59,82,6.6,RU,1692421430
451,mohacs,45.9931,18.6831,69.26,84,100,4.25,HU,1692421430
452,bassila,9.0081,1.6654,71.26,98,89,2.95,BJ,1692421431
453,lashio,22.9333,97.75,81.79,69,100,2.15,MM,1692421431
454,broken hill,-31.95,141.4333,63.25,50,29,12.84,AU,1692421431
455,anshun,26.25,105.9333,80.19,59,89,4.03,CN,1692421432
456,portland,45.5234,-122.6762,68.47,56,0,4.0,US,1692421055
457,chaplygin,53.2432,39.9629,75.36,56,2,6.98,RU,1692421433
458,noumea,-22.2763,166.4572,76.98,99,0,9.44,NC,1692421433
459,fort st. john,56.2499,-120.8529,53.49,62,75,2.3,CA,1692421433
460,kuhmo,64.1333,29.5167,53.87,65,2,2.17,FI,1692421434
461,launceston,-41.45,147.1667,61.16,58,90,13.8,AU,1692421434
462,ola,59.5833,151.2833,79.14,76,4,8.21,RU,1692421434
463,sao joao del rei,-21.1356,-44.2617,60.24,63,0,4.05,BR,1692421435
464,sitka,57.0531,-135.33,58.89,77,100,11.5,US,1692421435
465,ilhabela,-23.7781,-45.3581,74.79,58,0,6.42,BR,1692421435
466,felahiye,39.0906,35.5672,63.34,39,0,2.08,TR,1692421435
467,takestan,36.0696,49.6959,77.13,38,19,6.2,IR,1692421436
468,bolivar,37.6145,-93.4105,75.9,85,0,9.26,US,1692421210
469,aguililla,18.7333,-102.7333,66.7,94,100,4.41,MX,1692421436
470,inarajan village,13.2736,144.7484,88.0,85,38,10.09,GU,1692421437
471,anloga,5.7947,0.8973,75.36,91,90,8.61,GH,1692421437
472,selibaby,15.159,-12.1829,81.86,75,94,4.79,MR,1692421437
473,manta,-0.95,-80.7333,78.01,78,75,17.0,EC,1692421438
474,saint-philippe,-21.3585,55.7679,74.79,80,37,7.02,RE,1692421438
475,healesville,-37.65,145.5167,62.62,95,100,3.74,AU,1692421439
476,remire-montjoly,4.9167,-52.2667,78.84,89,0,3.44,GF,1692421439
477,sos'va,59.1766,61.8558,59.22,81,82,10.74,RU,1692421439
478,bulgan,48.8125,103.5347,66.2,43,13,11.36,MN,1692421440
479,lakatoro,-16.0999,167.4164,78.57,81,69,6.11,VU,1692421440
480,hernando,28.5419,-82.4582,79.75,94,0,0.0,US,1692421441
481,gorodovikovsk,46.0878,41.9335,83.75,32,0,6.78,RU,1692421441
482,tamandare,-8.7597,-35.1047,73.24,87,23,5.77,BR,1692421441
483,belmonte,-15.8631,-38.8828,70.56,82,0,5.23,BR,1692421442
484,uniao da vitoria,-26.23,-51.0864,53.94,98,100,1.43,BR,1692421442
485,colares,38.7992,-9.4469,73.33,84,21,13.0,PT,1692421442
486,crotone,39.0851,17.1178,80.19,58,0,7.76,IT,1692421443
487,yuzhne,46.6221,31.1013,76.3,56,0,11.25,UA,1692421445
488,brookings,44.3114,-96.7984,70.14,73,0,13.8,US,1692421290
489,simdega,22.6167,84.5167,83.1,78,67,14.61,IN,1692421447
490,ar rudayyif,34.3827,8.1555,78.57,31,0,2.51,TN,1692421447
491,tan-tan,28.438,-11.1032,71.11,80,69,3.11,MA,1692421448
492,cill airne,52.05,-9.5167,59.47,95,100,13.56,IE,1692421448
493,abepura,-2.6333,140.5833,79.61,74,40,11.5,ID,1692421449
494,ugoofaaru,5.6667,73.0,82.71,74,100,11.14,MV,1692421449
495,rio do sul,-27.2142,-49.6431,60.39,96,100,2.28,BR,1692421449
496,perth,-31.9333,115.8333,70.0,58,20,3.44,AU,1692421283
497,quellon,-43.1167,-73.6167,43.05,93,100,11.5,CL,1692421451
498,halifax,44.6453,-63.5724,70.48,97,100,28.77,CA,1692421230
499,mana,5.6592,-53.7767,77.95,90,97,10.02,GF,1692421452
500,nantucket,41.2835,-70.0995,69.85,88,0,6.91,US,1692421452
501,sal rei,16.1833,-22.9167,79.63,87,51,13.02,CV,1692421452
502,kilju,40.9642,129.3278,82.8,79,45,4.09,KP,1692421453
503,nouadhibou,20.931,-17.0347,73.38,83,60,3.44,MR,1692421453
504,tangalle,6.024,80.7911,89.76,62,100,15.88,LK,1692421454
505,sault ste. marie,46.5168,-84.3333,52.09,87,0,2.3,CA,1692421392
506,murzuq,25.9155,13.9184,80.55,25,8,10.16,LY,1692421454
507,juye,35.3947,116.0883,90.19,53,97,6.35,CN,1692421455
508,at taj,24.2049,23.2857,79.41,23,0,7.99,LY,1692421455
509,klyuchi,52.2667,79.1667,69.93,42,96,12.35,RU,1692421455
510,paradip garh,20.3167,86.6167,87.42,70,42,12.19,IN,1692421456
511,saltburn-by-the-sea,54.5824,-0.9737,65.03,94,100,10.0,GB,1692421456
512,carahue,-38.7,-73.1667,43.97,97,100,5.17,CL,1692421456
513,goz beida,13.95,20.55,77.0,74,100,7.18,TD,1692421457
514,todos santos,23.45,-110.2167,84.65,63,100,8.48,MX,1692421457
515,zvishavane,-20.3267,30.0665,61.02,29,0,2.17,ZW,1692421457
516,bizerte,37.2744,9.8739,77.0,88,0,2.3,TN,1692421457
517,pechora,65.1472,57.2244,50.61,74,100,14.07,RU,1692421458
518,diekirch,49.8678,6.1558,74.26,93,98,3.78,LU,1692421458
519,ujae,8.9322,165.7642,83.79,76,15,10.29,MH,1692421459
520,pestovo,58.5938,35.8024,58.95,78,87,4.83,RU,1692421459
521,kill devil hills,36.0307,-75.676,80.98,76,0,3.44,US,1692421206
522,vorgashor,67.5833,63.95,43.77,92,100,14.7,RU,1692421460
523,varnamo,57.186,14.04,63.48,91,100,7.76,SE,1692421460
524,deqen,29.9618,90.7188,68.18,46,41,3.78,CN,1692421460
525,laives,46.4228,11.3348,68.56,88,0,2.3,IT,1692421461
526,ilha de mocambique,-15.0342,40.7358,73.13,86,2,2.66,MZ,1692421461
527,ribeira do pombal,-10.8344,-38.5358,62.71,93,25,1.99,BR,1692421462
528,gopalpur,19.2667,84.9167,85.23,72,71,7.31,IN,1692421462
529,sur,22.5667,59.5289,87.87,57,11,6.62,OM,1692421462
530,weno,7.4515,151.8468,89.55,74,40,3.44,FM,1692421463
531,margate,51.3813,1.3862,65.7,92,94,16.89,GB,1692421463
532,muisne,0.6,-80.0333,76.96,85,76,8.88,EC,1692421463
533,pirane,-25.7324,-59.1088,56.73,97,87,4.41,AR,1692421464
534,lodwar,3.1191,35.5973,78.58,50,32,17.69,KE,1692421465
535,flying fish cove,-10.4217,105.6791,78.48,73,75,12.66,CX,1692421466
536,rolla,37.9514,-91.7713,68.95,78,0,9.22,US,1692421466
537,kupang,-10.1667,123.5833,85.57,48,82,5.06,ID,1692421466
538,uturoa,-16.7333,-151.4333,77.52,74,49,18.68,PF,1692421467
539,kabare,-2.4683,28.8242,65.08,66,92,1.14,CD,1692421467
540,mary,37.0,62.5,92.28,13,0,6.87,TM,1692421467
541,cobram,-35.9167,145.65,56.77,75,99,13.11,AU,1692421468
542,tottori,35.5,134.2333,89.67,70,75,8.05,JP,1692421237
543,san luis de la loma,17.2706,-100.8939,79.93,82,100,7.87,MX,1692421468
544,malango,-2.9627,119.9001,78.64,65,93,4.88,ID,1692421469
545,alaghsas,17.0187,8.0168,89.85,34,6,5.61,NE,1692421470
546,tofol,5.3248,163.0078,83.77,74,17,8.81,FM,1692421471
547,ierapetra,35.01,25.7353,79.84,64,0,0.87,GR,1692421471
548,zalanga,10.6143,10.1765,70.48,84,93,4.5,NG,1692421471
549,peace river,56.2501,-117.286,50.31,81,75,5.75,CA,1692421328
550,leh,34.1667,77.5833,66.63,41,3,5.88,IN,1692421477
551,kralendijk,12.15,-68.2667,84.18,79,40,11.5,BQ,1692421413
552,itoman,26.1247,127.6694,89.98,70,75,10.36,JP,1692421478
553,shache,38.4167,77.2406,88.07,20,68,3.96,CN,1692421478
554,mungwi,-10.1732,31.3694,60.15,58,6,3.09,ZM,1692421479
555,sirte,31.2089,16.5887,78.39,70,0,4.45,LY,1692421479
556,mermoz boabab,14.7065,-17.4758,83.98,79,40,6.91,SN,1692421479
557,troitskoye,52.9821,84.6757,56.1,79,94,7.49,RU,1692421480
558,brisas barra de suchiate,14.55,-92.2167,78.06,85,100,9.44,MX,1692421480
559,kota kinabalu,5.9749,116.0724,89.58,62,20,4.61,MY,1692421480
560,fairbanks,64.8378,-147.7164,57.2,82,100,9.22,US,1692421480
561,chernomorskoye,45.5039,32.6997,76.6,67,0,13.71,UA,1692421481
562,kisangani,0.5167,25.2,72.34,92,95,2.44,CD,1692421224
563,alo,7.4178,6.7371,72.91,99,100,1.45,NG,1692421482
564,kampil,27.6167,79.2833,94.95,52,50,8.99,IN,1692421482
565,encheng,22.1839,112.3026,89.96,70,90,3.09,CN,1692421482
566,zhangjiakou shi xuanhua qu,40.6103,115.0447,86.38,23,4,1.32,CN,1692421482
567,khandyga,62.6667,135.6,80.4,41,96,4.12,RU,1692421483
568,tarariras,-34.2833,-57.6167,44.17,49,1,8.99,UY,1692421483
569,voss,60.623,6.4229,61.54,77,32,5.55,NO,1692421483
570,pionerskiy,54.9508,20.2275,69.75,87,97,6.38,RU,1692421484
571,hami,42.8,93.45,90.82,11,33,6.55,CN,1692421484
572,dakhla,23.6848,-15.958,74.66,72,62,5.35,EH,1692421484
573,mount pearl,47.5166,-52.7813,57.33,93,75,5.01,CA,1692421484
574,tirumullaivasal,11.2333,79.8333,90.7,48,75,8.79,IN,1692421485
575,yemva,62.59,50.8594,54.63,58,0,8.59,RU,1692421485
576,nova sintra,14.8667,-24.7167,75.24,80,31,12.62,CV,1692421485
577,mount isa,-20.7333,139.5,74.97,22,8,11.5,AU,1692421485
578,keren,15.7778,38.4581,72.39,67,100,3.47,ER,1692421486
579,ta`u,-14.2336,-169.5144,81.34,75,4,16.58,AS,1692421486
580,bondorf,48.5207,8.8367,72.19,70,34,3.8,DE,1692421486
581,lucapa,-8.4192,20.7447,67.8,33,33,5.06,AO,1692421487
582,montlouis-sur-loire,47.3833,0.8333,71.87,79,0,3.44,FR,1692421487
583,buka,40.8108,69.1986,92.34,12,0,5.46,UZ,1692421487
584,sao jose da coroa grande,-8.8978,-35.1478,73.67,85,42,6.24,BR,1692421489
585,chinde,26.8418,88.0763,73.4,84,87,5.26,NP,1692421489
586,santyoku,37.4406,129.1708,79.21,89,47,4.92,KR,1692421489
587,mugia,43.1041,-9.2179,66.9,93,10,3.85,ES,1692421490
588,berezovyy,51.6667,135.7,73.63,84,100,3.51,RU,1692421490
589,cobija,-11.0267,-68.7692,76.12,53,33,3.6,BO,1692421490
590,sao vicente,-23.9631,-46.3919,82.58,26,1,10.38,BR,1692421318
591,kismayo,-0.3582,42.5454,78.33,74,84,13.89,SO,1692421491
592,rockford,42.2711,-89.094,63.63,82,0,5.75,US,1692421491
593,gimbi,9.1667,35.8333,58.53,92,37,0.98,ET,1692421491
594,ungsang-nodongjagu,42.3578,130.4622,79.2,80,72,5.3,KP,1692421491
595,cova figueira,14.8905,-24.2934,75.88,81,63,7.92,CV,1692421492
596,upington,-28.4478,21.2561,39.58,41,0,1.14,ZA,1692421342
